,,,General,,Risk factors,,,,,Symptoms,,Screening,Myths,,self-check,,,,,,,,Questionnaire,,,,,,,App,,,,,,,,,,,,,,,,,,,,,Questionnaire,,,,
Unique ID,Timestamp,Score,"goosein commencent à se développer de manière anormale. Ces cellules forment 
une masse ou une tumeur, qui peut être ressentie comme une masse dure dans
le sein.","Lorsque le diagnostic de  cancer du sein est fait à un stade précoce, les chances de guérison sont bien meilleures.",L'allaitement réduit le risque de développer un cancer du sein.,L'activité physique réduit le risque de développer un cancer du sein.,"Chez certaines femmes, le surpoids augmente le risque de développer un cancer du sein.",Une femme qui donne naissance à son premier enfant avant l'âge de 30 ans a moins de chances de développer un cancer du sein.,Les femmes qui n'ont aucun facteur de risque connu de cancer du sein ont rarement un cancer du sein.,"Quels sont, selon vous, les symptômes associés avec une tumeur cancéreuse du sein ? (Sélectionnez tout ce qui s'y rapporte)",La plupart des grosseurs mammaires sont non cancéreuses.,La mammographie est-elle le seul moyen de détecter un cancer du sein ?,Un coup violent sur le sein peut entraîner un cancer du sein plus tard dans la vie.,"L'irritation constante due à un d'un soutien-gorge trop serré peut, avec le temps, provoquer un cancer du sein.",Avez-vous entendu parler de l' autopalpation des seins (AES) ?,"Si oui, pratiquez-vous l' autopalpation des seins ?","Si oui, à quelle fréquence procédez-vous à l' autopalpation des seins ?",L' autopalpation commence par l'observation des seins dans le miroir et la recherche d'éventuels changements.,"L' autopalpation des seins peut être effectuée en déplaçant les doigts en petits cercles autour du sein, en commençant par le mamelon et en se déplaçant progressivement vers l'extérieur","L' autopalpation comprend  également l'examen de vos aisselles, votre clavicule, votre sternum et le dessous de vos seins pour détecter d'éventuelles grosseurs.",L' autopalpation commence par une légère pression appliquée sur chaque partie du sein jusqu'à une pression modérée à élevée. ,"L' autopalpation peut être effectuée sous la douche, en position allongée ou même en position assise ou debout.",Le questionnaire était-il long ?,Les questions étaient-elles faciles à comprendre ?,Avez-vous eu besoin d'aide pour comprendre les questions ?,Avez-vous eu besoin d'aide pour remplir le questionnaire ?,Est-ce que remplir ce questionnaire vous incitera à l'avenir à être plus attentive à la santé de vos seins ?,Souhaitez vous ajouter des informations  sur vos connaissances concernant la santé de vos seins et les risques de cancer du sein ?,Avez vous d'autres remarques/ suggestions à faire sur ce questionnaire ?,L'application était facile à utiliser,"Les informations contenues dans l'application étaient bien organisées, de sorte que je pouvais facilement trouver les informations dont j'avais besoin.",Je me sens à l'aise d'avoir cette application sur mon téléphone,Les étapes pour faire l' autopalpation sont claires dans cette application,L'enregistrement des symptômes avec cette application est facile,Le temps qu'il faut pour faire l'auto-vérification et enregistrer les symptômes avec cette application me convient.,"Dans l'écran d'enregistrement des symptômes où vous sélectionnez les symptômes observés, voudriez-vous les options ""Aucun"" et ""Ne souhaite pas répondre"" en haut ou en bas.",Il est utile de pouvoir voir mes symptômes enregistrés au fil du temps dans un graphique,Je me sens à l'aise d'enregistrer les symptômes de l' autopalpation des seins dans BreMo.,Le bon moment pour faire l'autopalpation est bien expliqué,"J'aime les informations supplémentaires sur cette application sur les cancers du sein, les facteurs de risque, la prévention et les symptômes",J'aime pouvoir supprimer très facilement toutes les données stockées sur cette application,Cette application présente un moyen acceptable de fournir des informations sur le cancer du sein.,L'application était intrusive/m'a fait me sentir en danger,J'utiliserais à nouveau cette application,L'application possède toutes les fonctionnalités auxquelles je m'attendais.,Cette application sera utile pour m'aider à prendre soin de la santé de mes seins.,J'ai apprécié m'entraîner avec l'application.,"Dans l'ensemble, je suis satisfait de cette application",Je recommanderais cette application à mes amis et ma famille.,Avez-vous d'autres commentaires/suggestions à faire à propos de BreMo ?,Le questionnaire était-il long ?,Les questions étaient-elles faciles à comprendre ?,Avez-vous eu besoin d'aide pour comprendre les questions ?,Avez-vous eu besoin d'aide pour remplir le questionnaire ?,Avez vous d'autres remarques/ suggestions à faire sur ce questionnaire ?
,6/27/2023 14:32:12,12 / 19,Oui,Oui,Non,Oui,Oui,Non,Non,"Une grosseur indolore dans le sein, Petites masses mobiles, Écoulement du sein, Changement de taille du sein",Oui,Oui,Je ne sais pas,Non,Oui,Oui,tous les mois,Oui,Oui,Oui,Oui,Oui,Non,Oui,Non,Non,Oui,,,4,4,6,6,1,5,Bas,6,4,5,7,6,5,1,1,5,5,4,4,6,après avoir indiqué les symptômes impossible de cliquer sur terminer et donc d'enregistrer,Non,Oui,Non,Non,
,6/27/2023 18:04:20,18 / 19,Oui,Oui,Oui,Oui,Oui,Oui,Non,"Une grosseur indolore dans le sein, Écoulement du sein, Changement de taille du sein",Oui,Non,Non,Non,Oui,Oui,tous les mois,Oui,Oui,Oui,Je ne sais pas,Oui,Non,Oui,Non,Non,Oui,J'ai eu un cancer du sein il y a 2 ans,,5,6,4,6,5,6,Bas,7,7,6,6,7,7,1,6,4,6,5,6,7,Certaines phrases n'apparaissent pas en entier sur l'écran du téléphone (dans la rubrique douleurs mammaires),Non,Oui,Non,Non,
,6/27/2023 18:37:25,12 / 19,Oui,Oui,Je ne sais pas,Oui,Oui,Je ne sais pas,Non,"Une grosseur indolore dans le sein, Écoulement du sein",Oui,Non,Non,Je ne sais pas.,Oui,Oui,once in every 6 months,Oui,Oui,Oui,Non,Oui,Non,Oui,Non,Non,Oui,,,7,6,6,6,7,6,Bas,7,5,7,6,7,6,4,6,6,7,6,6,6,,Non,Oui,Non,Non,
,6/27/2023 19:20:58,13 / 19,Oui,Oui,Oui,Oui,Oui,Oui,Non,"Une grosseur indolore dans le sein, Petites masses mobiles, Écoulement du sein, Changement de taille du sein",Je ne sais pas,Non,Non,Non,Oui,Oui,tous les mois,Oui,Oui,Oui,Je ne sais pas,Non,Non,Oui,Non,Non,Oui,,,7,7,7,7,7,7,Bas,7,7,7,7,7,7,1,7,6,7,7,7,7,"Les textes ne sont pas tous lisibles, ils débordent un peu de la zone encadrée, du coup il manque un bout de phrase dans chaque cadre. Je ne sais pas si ce problème vient de mon smartphone ou s'il s'agit de l'application.",Non,Oui,Non,Non,
,6/27/2023 20:25:38,13 / 19,Oui,Oui,Oui,Je ne sais pas,Oui,Oui,Je ne sais pas,"Une grosseur indolore dans le sein, Petites masses mobiles, Écoulement du sein, Changement de taille du sein",Oui,Non,Non,Je ne sais pas.,Oui,Non,jamais,Oui,Oui,Oui,Oui,Oui,Non,Oui,Non,Non,Oui,,,6,6,7,7,7,7,Haut,7,7,4,7,7,7,1,6,7,7,6,7,6,,Non,Oui,Non,Non,
,6/27/2023 21:00:03,14 / 19,Oui,Oui,Oui,Oui,Oui,Oui,Non,"Une grosseur indolore dans le sein, Douleur dans les deux seins pendant les règles, Écoulement du sein, Changement de taille du sein",Non,Non,Oui,Non,Oui,Non,jamais,Oui,Oui,Oui,Oui,Oui,Non,Non,Non,Non,Oui,,,7,4,5,7,6,7,Haut,6,6,7,7,7,7,3,3,3,7,5,5,4,"Très  scolaire  et facile à  utiliser. Il manque cependant   un côté  ludique à  l application (animation, côté  fun) .Si l'application est destinée  à  être utilisée sur le long terme bien  sûr. ",Non,Oui,Non,Non,
,6/27/2023 21:57:20,13 / 19,Oui,Oui,Non,Oui,Oui,Non,Non,"Une grosseur indolore dans le sein, Petites masses mobiles, Écoulement du sein, Changement de taille du sein",Oui,Non,Non,Je ne sais pas.,Oui,Non,jamais,Oui,Oui,Oui,Oui,Oui,Non,Oui,Non,Non,Oui,,,7,7,7,7,7,7,Bas,7,7,7,7,7,7,1,7,7,7,7,7,7,,Non,Oui,Non,Non,
,6/27/2023 22:37:06,13 / 19,Oui,Oui,Oui,Oui,Oui,Oui,Non,"Une grosseur indolore dans le sein, Petites masses mobiles, Écoulement du sein",Oui,Non,Non,Non,Oui,Oui,une fois par an,Je ne sais pas,Oui,Oui,Je ne sais pas,Non,Non,Oui,Non,Non,Oui,,,6,4,5,7,5,7,Haut,6,7,3,7,7,7,1,5,5,6,7,6,5,"dans le questionnaire sur les antécédents il est demandé le mode de contraception et on ne peut pas répondre aucun (en tout cas dans mon cas c'est à dire sans grossesse), on peut seulement mettre ""ne souhaite pas répondre"" ce qui me semble différent",Non,Oui,Non,Non,
,6/27/2023 22:59:59,12 / 19,Oui,Oui,Je ne sais pas,Oui,Oui,Oui,Je ne sais pas,"Une grosseur indolore dans le sein, Écoulement du sein, Changement de taille du sein",Oui,Je ne sais pas,Non,Non,Oui,Non,jamais,Oui,Je ne sais pas,Je ne sais pas,Je ne sais pas,Je ne sais pas,Non,Oui,Non,Non,Oui,,,6,6,7,5,6,7,Haut,7,7,2,5,5,5,1,5,5,5,5,5,6,,Non,Oui,Oui,Non,
,6/28/2023 5:51:38,16 / 19,Oui,Oui,Oui,Oui,Oui,Oui,Non,"Une grosseur indolore dans le sein, Écoulement du sein, Changement de taille du sein",Non,Non,Oui,Non,Oui,Non,jamais,Oui,Oui,Oui,Non,Oui,Non,Oui,Non,Non,Oui,,,7,7,7,7,7,7,Bas,7,7,7,7,7,7,1,7,7,7,7,7,7,,Non,Oui,Non,Non,
,6/28/2023 7:15:31,18 / 19,Oui,Oui,Oui,Oui,Oui,Oui,Non,"Une grosseur indolore dans le sein, Écoulement du sein, Changement de taille du sein",Non,Non,Non,Non,Oui,Oui,tous les mois,Oui,Oui,Oui,Oui,Oui,Non,Oui,Non,Non,Oui,,,6,7,7,5,7,7,Haut,7,7,6,6,7,6,1,5,3,5,5,4,4,"- Impossibilité pour une femme ménauposée d'indiquer un choix de date pour l'auto palpation autre que l'année de ses dernières règles. Le seul moyen est d'indiquer une fausse date de dernières règles. 
L'idéal serait d'indiquer simplement un jour de la semaine préféré pour l'auto palpation  (par exemple le samedi). Et l'appli calculerait la date de la prochaine auto palpation en fonction du jour choisi (J+30 le samedi).
- Les calendriers et dates sont en anglais. 
- Le dessin pour illustrer les 5 zones de l'auto palpation devrait zoomer davantage sur le sein.car sur le téléphone on voit à peine. La totalité du visage n'est pas nécessaire. 
- Merci beaucoup pour cette application. Elle sera très utile.
- Suggestion de développement : pour les femmes qui le souhaitent, pouvoir enregistrer dans cette application également chaque mois leurs dates de règles. ",Non,Oui,Non,Non,
,6/28/2023 8:10:04,19 / 19,Oui,Oui,Oui,Oui,Oui,Oui,Non,"Une grosseur indolore dans le sein, Écoulement du sein, Changement de taille du sein",Oui,Non,Non,Non,Oui,Oui,tous les mois,Oui,Oui,Oui,Oui,Oui,Non,Oui,Non,Non,Oui,,,7,7,7,7,7,7,Bas,7,7,7,7,7,7,1,7,6,7,7,7,7,"Pour le rappel de l'auto palpation, si l'on est en ménopause, on ne peut pas mettre de date.
Outre le fait de prendre rdv chez un médecin si l'on a un symptôme, il serait bien de connaître le processus médical complet possible de dépistage (écho, mammo, IRM, biopsie ....) ainsi que le processus complet de l'après diagnostic si il s'avère positif (opérations, chimio, rayons, hormono,....) pour savoir à quel type de médecin on doit ensuite s'adresser.",Non,Oui,Non,Non,"Merci de ce que vous faites, ravie de pouvoir participer et de partager cette étude."
,6/28/2023 8:59:18,18 / 19,Oui,Oui,Oui,Oui,Oui,Oui,Non,"Une grosseur indolore dans le sein, Écoulement du sein, Changement de taille du sein",Non,Non,Non,Non,Oui,Oui,once in every 6 months,Oui,Oui,Oui,Oui,Oui,Non,Oui,Non,Non,Oui,,,6,6,7,5,7,7,Haut,7,7,3,6,7,7,1,7,7,7,7,7,7,"Pour le questionnaire de début : l âge ne se valide pas. Il faut appuyer sur entrée puis la flèche. C est problématique. Peut être faire une case à cocher comme pour la palpation c est pratique. L activité physique est essentielle et ne fait pas partie du questionnaire initial. D ailleurs chaque partie du questionnaire aurait pu renvoyer à un message de prévention. On valide oui ou non. Et après on a une explication "" boire un verre par jour pendant 7 jours augmente les risques ""Vous partez dans la palpation sur le principe que les femmes connaissent les quadrants du sein. Ce qui est faux pour la majorité de mes patientes. Elles comprennent cela le jour du cancer. Donc il faut avant l examen devant le miroir une photo plus grande et explicative des quadrants. Pour la partie suivi des symptômes le graphique est chouette mais on a aucune lecture des symptômes enregistrés donc je ne sais pas a quoi correspond le point... ",Non,Oui,Non,Non,
,6/28/2023 10:22:25,11 / 19,Oui,Oui,Je ne sais pas,Oui,Oui,Je ne sais pas,Non,"Une grosseur indolore dans le sein, Petites masses mobiles, Écoulement du sein, Changement de taille du sein",Oui,Non,Je ne sais pas,Je ne sais pas.,Oui,Oui,tous les mois,Oui,Non,Oui,Oui,Oui,Non,Oui,Non,Non,Oui,,,6,6,6,5,7,7,Haut,7,7,4,7,7,7,1,5,6,7,7,7,7,Le bouton centrale expliquant comment s'auto-palper n'est pas positionné de manière intuitive. J'ai cliqué après mon auto-palpation et est loupé l'explication. J'avais d'abord cliqué sur l'onglet de la page d'accueil expliquant l'autopalpation ne mentionnant pas le cercle avec les 3 doigts et les différentes pressions. ,Non,Oui,Non,Non,
,6/28/2023 11:12:08,12 / 19,Oui,Oui,Je ne sais pas,Oui,Oui,Oui,Non,"Une grosseur indolore dans le sein, Écoulement du sein, Changement de taille du sein",Je ne sais pas,Oui,Non,Non,Oui,Non,jamais,Oui,Non,Je ne sais pas,Je ne sais pas,Non,Non,Non,Non,Non,Non,,"Il y a trop d'éléments dans les questions sur l'autopalpation, si on pense que certains sont vrais et d'autres faux il n'y a pas de possibilité pour le faire",7,5,7,7,6,7,Haut,7,7,3,6,7,7,1,6,5,6,6,6,6,Une icône accueil ou une flèche de retour en arrière seraient bienvenues pour la navigation.,Non,Oui,Non,Non,
,6/28/2023 11:32:57,11 / 19,Oui,Oui,Oui,Oui,Oui,Je ne sais pas,Non,"Une grosseur indolore dans le sein, Petites masses mobiles, Changement de taille du sein",Je ne sais pas,Non,Je ne sais pas,Oui,Oui,Non,jamais,Oui,Oui,Oui,Je ne sais pas,Oui,Non,Oui,Non,Non,Oui,,"Merci pour votre travail, bravo à toute l'équipe et bon courage !",7,6,7,7,6,7,Bas,7,7,7,7,7,7,1,7,7,7,7,7,7,,Non,Oui,Non,Non,
,6/28/2023 11:44:42,10 / 19,Oui,Oui,Oui,Oui,Je ne sais pas,Oui,Je ne sais pas,"Une grosseur indolore dans le sein, Petites masses mobiles, Écoulement du sein, Changement de taille du sein",Je ne sais pas,Non,Je ne sais pas,Je ne sais pas.,Oui,Oui,once in every 6 months,Oui,Oui,Je ne sais pas,Oui,Oui,Non,Oui,Non,Non,Oui,,,6,5,5,7,7,6,Haut,7,5,7,7,7,7,2,4,6,4,5,5,5,"Dans le questionnaire initial dans l'appli pour ""apprendre à nous connaitre"", lorsqu'on répond n'avoir aucun enfant, il parait évidemment qu'on a pas allaité. Il faudrait ne pas mettre cette question à la suite. 
Par ailleurs, les ""bulles"" de dialogue lors de l'entrainement pour l'autopalpation n'étaient pas visibles entièrement et sans pouvoir faire défiler le texte. ",Non,Non,Non,Non,
,6/28/2023 13:30:57,10 / 19,Oui,Oui,Non,Oui,Oui,Je ne sais pas,Oui,"Écoulement du sein, Changement de taille du sein",Je ne sais pas,Non,Non,Non,Oui,Non,jamais,Oui,Oui,Non,Non,Oui,Non,Oui,Non,Non,Non,,,5,7,7,7,7,7,Haut,7,7,1,7,7,7,1,7,7,7,7,7,7,,Non,Oui,Non,Non,
,6/28/2023 13:59:34,16 / 19,Oui,Oui,Non,Oui,Oui,Non,Non,"Une grosseur indolore dans le sein, Écoulement du sein, Changement de taille du sein",Oui,Non,Je ne sais pas,Non,Oui,Oui,tous les mois,Oui,Oui,Oui,Oui,Oui,Non,Oui,Non,Non,Oui,,,7,7,7,7,7,7,Bas,7,7,4,4,7,4,1,7,5,4,4,4,4,,Non,Oui,Non,Non,
,6/28/2023 15:08:03,12 / 19,Oui,Oui,Oui,Oui,Oui,Oui,Je ne sais pas,"Une grosseur indolore dans le sein, Petites masses mobiles, Écoulement du sein, Changement de taille du sein",Oui,Oui,Non,Non,Oui,Oui,once in every 6 months,Oui,Oui,Oui,Non,Non,Non,Oui,Non,Non,Oui,,Un petit problème de mise en page dans une des premières questiobs,6,6,6,7,5,7,A chaque niveau de symptôme ,7,7,5,7,7,6,1,7,5,7,7,7,7,,Non,Oui,Non,Non,
,6/28/2023 15:39:00,11 / 19,Oui,Oui,Je ne sais pas,Oui,Oui,Je ne sais pas,Non,"Une grosseur indolore dans le sein, Petites masses mobiles, Écoulement du sein, Changement de taille du sein",Je ne sais pas,Non,Je ne sais pas,Oui,Oui,Oui,once in every 6 months,Oui,Oui,Oui,Oui,Oui,Non,Oui,Non,Non,Oui,,,7,5,7,7,5,7,Haut,4,7,5,7,7,7,2,3,7,7,7,4,4,"1. Le téton inverti est considéré comme un symptôme ? Peut-être intéressant de repréciser ce point car anxiogène pour les femmes qui ont des tétons ombiliqués

2. Nombreux bugs d'affichage du texte qui est partiellement tronqué ou lignes de texte de superposant, ce qui ne permet pas de lire l'intégralité des blocs de texte
",Non,Oui,Non,Non,
,6/28/2023 15:53:57,13 / 19,Oui,Oui,Non,Je ne sais pas,Je ne sais pas,Je ne sais pas,Non,"Une grosseur indolore dans le sein, Écoulement du sein, Changement de taille du sein",Oui,Non,Je ne sais pas,Je ne sais pas.,Oui,Oui,une fois par an,Oui,Oui,Oui,Oui,Oui,Non,Oui,Non,Non,Oui,,,5,4,4,7,4,7,Haut,7,7,7,4,4,7,1,4,4,7,7,7,4,,Non,Oui,Non,Non,
,6/28/2023 16:44:25,17 / 19,Oui,Oui,Oui,Oui,Oui,Oui,Non,"Une grosseur indolore dans le sein, Écoulement du sein, Changement de taille du sein",Non,Non,Non,Non,Oui,Oui,tous les mois,Oui,Non,Oui,Oui,Oui,Non,Oui,Non,Non,Oui,non,non,6,6,6,6,6,6,aucun à chaque item peut-être ? pour être sûre d'avoir tout regardé,6,6,6,6,6,6,1,4,5,5,6,6,5,Je n'ai plus mes règles sous stérilet hormonal et cela n'était pas possible à indiquer dans la partie concernant les règles,Non,Oui,Non,Non,non
,6/28/2023 17:12:14,17 / 19,Oui,Oui,Oui,Oui,Oui,Oui,Non,"Une grosseur indolore dans le sein, Écoulement du sein, Changement de taille du sein",Oui,Oui,Non,Non,Oui,Non,jamais,Oui,Oui,Oui,Je ne sais pas,Oui,Non,Oui,Non,Non,Oui,,,6,4,7,7,4,6,Haut,7,7,5,5,5,6,1,7,6,7,7,5,6,,Non,Oui,Non,Non,
,6/28/2023 17:59:42,13 / 19,Oui,Oui,Oui,Oui,Oui,Je ne sais pas,Oui,"Une grosseur indolore dans le sein, Petites masses mobiles, Écoulement du sein, Changement de taille du sein",Non,Non,Non,Non,Oui,Oui,tous les mois,Oui,Oui,Oui,Oui,Oui,Non,Oui,Non,Non,Oui,,,7,7,7,7,7,7,Bas,7,6,5,7,7,7,1,7,7,7,7,7,7,,Non,Oui,Non,Non,
,6/28/2023 21:39:47,10 / 19,Oui,Oui,Oui,Oui,Oui,Oui,Je ne sais pas,"Une grosseur indolore dans le sein, Petites masses mobiles, Écoulement du sein",Non,Oui,Non,Non,Non,Non,jamais,Oui,Non,Non,Non,Oui,Non,Oui,Non,Non,Oui,,,5,6,7,7,7,7,Bas,7,7,1,7,7,7,1,7,7,7,7,7,7,,Oui,Oui,Non,Non,
,6/28/2023 21:49:40,13 / 19,Oui,Oui,Non,Oui,Oui,Je ne sais pas,Non,"Une grosseur indolore dans le sein, Petites masses mobiles, Changement de taille du sein",Oui,Non,Non,Je ne sais pas.,Oui,Non,jamais,Oui,Oui,Oui,Oui,Oui,Non,Oui,Non,Non,Oui,,,6,5,7,5,5,7,Haut,7,7,6,7,7,7,1,7,6,7,7,7,7,,Non,Oui,Non,Non,
,6/28/2023 23:02:40,13 / 19,Oui,Oui,Oui,Je ne sais pas,Non,Oui,Non,"Une grosseur indolore dans le sein, Écoulement du sein, Changement de taille du sein",Je ne sais pas,Non,Non,Je ne sais pas.,Oui,Oui,une fois par an,Oui,Oui,Oui,Non,Non,Non,Oui,Non,Non,Oui,,,7,7,7,7,7,7,Bas,7,7,7,7,7,7,1,7,7,7,7,7,7,,Non,Oui,Non,Non,
,6/28/2023 23:14:10,13 / 19,Oui,Oui,Je ne sais pas,Oui,Oui,Je ne sais pas,Oui,"Une grosseur indolore dans le sein, Changement de taille du sein",Oui,Non,Non,Non,Oui,Non,jamais,Oui,Oui,Oui,Oui,Oui,Non,Oui,Non,Non,Oui,,,6,7,7,6,7,7,Haut,4,6,7,7,7,7,1,4,7,4,6,6,4,"A la question ""Quand avez-vous eu vos dernières règles ?"" Preciser s'il faut indiquer le premier ou dernier jour des règles. D'autre part, certaines phrases sont parfois un peu coupées ou se chevauchent. Enfin, un detail, mais le graphisme pourrait être modernisé... et on pourrait éviter le ""rose pour les filles"" ;)",Non,Oui,Non,Non,
,6/29/2023 0:15:22,14 / 19,Oui,Oui,Je ne sais pas,Oui,Oui,Je ne sais pas,Non,"Une grosseur indolore dans le sein, Écoulement du sein, Changement de taille du sein",Oui,Oui,Non,Non,Oui,Non,une fois par an,Oui,Oui,Oui,Non,Non,Oui,Oui,Non,Non,Oui,,Est ce que vous avez transmis ce questionnaire aux associations de femmes atteintes ou en rémission de cancer?,6,3,7,7,7,7,Menu déroulant ou a développer pour chaque section ? Pour éviter une section trop grande avant d'arriver a la fin??,7,7,7,7,5,7,1,5,5,6,7,6,6,"J'ai été perdue dans l'organisation du menu. Peut être faudrait il faire 2 menus principaux : infos et mesure ? Puis regrouper dans infos le tutoriel et les différentes types d'observation possibles. Et dans mesure, le menu de programmation, puis la prise de mesure et enfin le suivi ? Vous pouvez me contacter par email si ce n'est pas clair ! Et l'application Maya pour le suivi du cycle féminin est bien faite pour ça je trouve. A étudier ?

Et pourquoi pas ajouter des sources externes d'information si on veut en savoir plus où aller plus loin, même si la section infos est bien mais reste non exhaustive ?

La check liste a cocher a chaque étape de la mesure est top ! ",Oui,Oui,Non,Non,"Merci pour votre initiative ! Ça aidera des femmes, c'est sur ! Et ça augmentera les réflexes chez nous toutes ! "
,6/29/2023 11:23:54,13 / 19,Oui,Oui,Oui,Oui,Oui,Oui,Oui,"Une grosseur indolore dans le sein, Écoulement du sein",Je ne sais pas,Non,Non,Non,Oui,Oui,une fois par an,Oui,Non,Oui,Oui,Oui,Non,Non,Non,Non,Oui,,,7,7,7,5,7,7,Bas,7,7,7,7,7,7,1,7,7,7,7,7,7,Peut être que le vocabulaire (notamment sur les moyens de contraception) aurait besoin d'être expliqué. ,Non,Non,Non,Non,
,6/29/2023 14:15:23,18 / 19,Oui,Oui,Oui,Oui,Oui,Oui,Oui,"Une grosseur indolore dans le sein, Écoulement du sein, Changement de taille du sein",Oui,Non,Non,Non,Oui,Oui,tous les mois,Oui,Oui,Oui,Oui,Oui,Non,Oui,Non,Non,Oui,,,5,6,6,6,6,6,Bas,6,6,6,6,6,6,1,6,6,6,6,6,6,,Non,Oui,Non,Non,
,6/29/2023 16:57:29,16 / 19,Oui,Oui,Oui,Oui,Oui,Oui,Oui,"Une grosseur indolore dans le sein, Écoulement du sein, Changement de taille du sein",Non,Non,Non,Non,Oui,Oui,tous les mois,Oui,Oui,Oui,Non,Oui,Non,Oui,Non,Non,Oui,Jai actuellement un cancer du sein,La question sur les facteurs de risques netait pas claire,7,7,7,7,7,7,Bas,7,7,1,4,7,7,1,7,7,7,7,7,7,"La description de lato palpation pourrait être plus détaillée (comment appuyer + aisselles sous le sein,....)",Non,Oui,Non,Non,Bon coueahe pour lanalyse des resultats !
,6/29/2023 18:16:19,15 / 19,Oui,Oui,Je ne sais pas,Oui,Oui,Je ne sais pas,Non,"Une grosseur indolore dans le sein, Écoulement du sein, Changement de taille du sein",Je ne sais pas,Non,Non,Oui,Oui,Non,jamais,Oui,Oui,Oui,Oui,Oui,Non,Oui,Non,Non,Oui,,,6,5,7,7,7,7,Bas,7,7,7,7,7,7,1,6,7,6,7,7,7,J'ai eu du mal à trouver l'icône pour lancer l'examen (en bas au milieu),Non,Oui,Non,Non,
,6/29/2023 19:11:17,18 / 19,Oui,Oui,Oui,Oui,Oui,Oui,Non,"Une grosseur indolore dans le sein, Écoulement du sein, Changement de taille du sein",Oui,Non,Non,Non,Oui,Oui,once in every 6 months,Oui,Non,Oui,Oui,Oui,Non,Oui,Non,Non,Oui,,,6,6,6,6,6,6,Bas,6,6,4,6,6,6,1,6,6,5,5,6,6,,Non,Oui,Non,Non,
,6/29/2023 21:03:26,15 / 19,Oui,Oui,Oui,Oui,Oui,Oui,Non,"Une grosseur indolore dans le sein, Petites masses mobiles, Écoulement du sein",Oui,Non,Non,Non,Oui,Oui,tous les mois,Oui,Oui,Je ne sais pas,Oui,Oui,Non,Oui,Non,Non,Oui,,Les infos figurant sur l'app ne permettent pas de compléter toutes les questions de ce questionnaire,7,7,7,7,4,7,Haut,7,7,7,7,7,7,1,7,7,7,7,7,7,,Non,Oui,Non,Non,"Non, belle initiative"
,6/29/2023 23:24:18,15 / 19,Oui,Oui,Oui,Oui,Je ne sais pas,Je ne sais pas,Non,"Une grosseur indolore dans le sein, Écoulement du sein, Changement de taille du sein",Oui,Non,Je ne sais pas,Non,Oui,Non,une fois par an,Oui,Non,Oui,Oui,Oui,Non,Oui,Non,Non,Oui,,,7,6,6,5,5,6,Bas,6,6,5,6,6,6,5,4,6,7,5,6,6,"Pas tres claire sur comment on appuie . A partir du moment ou un symptôme est coché c'est qu il faut voir un medecin et faire une mammo, c'est bien cela? Si oui a quoi sert l'evolution en diagramme?",Non,Oui,Non,Non,On voit pas tout le texte dans les instructions
,6/30/2023 0:12:17,14 / 19,Oui,Oui,Je ne sais pas,Oui,Oui,Je ne sais pas,Non,"Une grosseur indolore dans le sein, Écoulement du sein, Changement de taille du sein",Je ne sais pas,Oui,Non,Non,Oui,Oui,once in every 6 months,Oui,Oui,Oui,Je ne sais pas,Oui,Non,Oui,Non,Non,Oui,,,7,7,6,7,7,7,Haut,7,7,5,7,3,7,1,6,6,6,6,6,6,,Non,Oui,Non,Non,
,6/30/2023 7:03:15,14 / 19,Oui,Oui,Non,Oui,Oui,Oui,Non,"Une grosseur indolore dans le sein, Petites masses mobiles, Écoulement du sein, Changement de taille du sein",Oui,Non,Non,Non,Oui,Non,jamais,Oui,Oui,Non,Oui,Oui,Non,Oui,Non,Non,Oui,,,6,6,6,7,7,7,Bas,7,7,4,6,7,7,1,5,5,6,6,7,7,,Non,Oui,Non,Non,
,7/1/2023 9:10:25,12 / 19,Oui,Oui,Oui,Oui,Oui,Oui,Non,"Une grosseur indolore dans le sein, Petites masses mobiles, Écoulement du sein, Changement de taille du sein",Oui,Oui,Je ne sais pas,Non,Oui,Non,jamais,Oui,Oui,Oui,Non,Non,Non,Oui,Non,Non,Oui,,Application tiptop,7,7,7,7,7,7,Bas,7,7,7,7,7,7,1,7,7,7,7,7,7,Vraiment très bien ,Non,Oui,Non,Non,
,7/1/2023 15:15:56,10 / 19,Oui,Oui,Je ne sais pas,Je ne sais pas,Oui,Oui,Non,"Une grosseur indolore dans le sein, Petites masses mobiles, Changement de taille du sein",Oui,Oui,Je ne sais pas,Non,Oui,Oui,tous les mois,Oui,Oui,Oui,Non,Non,Non,Oui,Non,Non,Oui,non,non,7,6,6,6,6,6,Bas,6,6,6,7,6,6,1,7,6,7,6,6,5,non,Non,Oui,Non,Non,non
,7/1/2023 16:03:35,11 / 19,Oui,Oui,Je ne sais pas,Je ne sais pas,Je ne sais pas,Je ne sais pas,Je ne sais pas,"Une grosseur indolore dans le sein, Écoulement du sein, Changement de taille du sein",Oui,Non,Je ne sais pas,Non,Oui,Oui,once in every 6 months,Oui,Je ne sais pas,Oui,Oui,Je ne sais pas,Non,Oui,Non,Non,Oui,,,7,7,7,7,7,7,"Les deux, ou alors en haut avec un bouton pour retourner immédiatement en haut de la page / en bas de la page sans scroller",7,7,6,7,7,7,1,6,7,7,7,7,7,"Faire attention à l'accessibilité visuelle. J'ai des problèmes de vue qui font que je dois augmenter la taille de la police sur mon téléphone pour pouvoir lire, et ce changement de taille de police amène l'app à couper/cacher une partie des textes. Or sans possibilité de scroller, il me manque du texte en bas de l'écran (dans les rubriques ""boutique d'informations"" et ""signes et symptômes"" notamment) et je n'ai pas pu lire certaines questions (pour les antécédents) en entier.",Non,Oui,Non,Non,
,7/1/2023 17:34:59,10 / 19,Oui,Oui,Non,Non,Je ne sais pas,Non,Non,"Une grosseur indolore dans le sein, Écoulement du sein",Oui,Non,Non,Non,Oui,Non,jamais,Oui,Oui,Non,Je ne sais pas,Oui,Non,Oui,Non,Non,Oui,,,7,6,1,6,6,6,Bas,7,6,6,6,7,7,1,7,5,7,6,6,3,,Non,Oui,Non,Non,j'ai déjà répondu à ces questions
,7/1/2023 20:21:53,15 / 19,Oui,Oui,Oui,Oui,Oui,Oui,Oui,"Une grosseur indolore dans le sein, Écoulement du sein, Changement de taille du sein",Oui,Non,Non,Non,Oui,Non,jamais,Oui,Je ne sais pas,Oui,Je ne sais pas,Non,Non,Oui,Non,Non,Oui,,,6,6,6,5,6,6,Bas,6,6,6,6,4,6,1,7,5,7,7,6,7,,Non,Oui,Non,Non,
,7/1/2023 22:27:27,12 / 19,Oui,Oui,Oui,Oui,Oui,Je ne sais pas,Je ne sais pas,"Une grosseur indolore dans le sein, Écoulement du sein, Changement de taille du sein",Je ne sais pas,Non,Je ne sais pas,Je ne sais pas.,Oui,Oui,once in every 6 months,Oui,Je ne sais pas,Oui,Oui,Non,Non,Oui,Non,Non,Oui,,,7,7,7,7,7,7,Bas,7,7,4,5,5,7,1,7,7,7,7,7,7,,Non,Oui,Non,Non,
,7/2/2023 10:46:28,10 / 19,Oui,Oui,Oui,Oui,Je ne sais pas,Je ne sais pas,Non,"Une grosseur indolore dans le sein, Petites masses mobiles, Écoulement du sein, Changement de taille du sein",Je ne sais pas,Non,Non,Non,Oui,Non,jamais,Oui,Oui,Je ne sais pas,Je ne sais pas,Je ne sais pas,Non,Oui,Non,Non,Oui,,,6,6,7,7,7,7,Haut,7,7,7,6,7,7,1,6,6,7,7,6,6,"Je n'ai pas réussi à programmer le rappel pour le mois suivant, impossible de changer de mois (téléphone Huawei sous Android) ",Non,Oui,Non,Non,
,7/2/2023 14:57:49,16 / 19,Oui,Oui,Non,Oui,Oui,Non,Non,"Une grosseur indolore dans le sein, Écoulement du sein, Changement de taille du sein",Oui,Non,Non,Non,Oui,Non,une fois par an,Oui,Oui,Oui,Non,Oui,Non,Oui,Non,Non,Non,,,7,7,7,7,7,7,Bas,7,7,7,7,7,7,1,7,7,7,7,7,7,,Non,Oui,Non,Non,
,7/2/2023 15:44:59,12 / 19,Oui,Oui,Oui,Oui,Oui,Je ne sais pas,Je ne sais pas,"Une grosseur indolore dans le sein, Petites masses mobiles, Douleur dans les deux seins pendant les règles, Écoulement du sein, Changement de taille du sein",Je ne sais pas,Non,Je ne sais pas,Non,Oui,Oui,once in every 6 months,Oui,Oui,Oui,Oui,Oui,Non,Oui,Non,Non,Oui,,,6,5,7,7,6,7,pas d'avis,6,7,4,7,7,7,1,7,6,7,7,6,6,,Non,Oui,Non,Non,
,7/3/2023 4:32:54,8 / 19,Oui,Oui,Non,Non,Je ne sais pas,Non,Non,"Une grosseur indolore dans le sein, Petites masses mobiles, Écoulement du sein, Changement de taille du sein",Je ne sais pas,Non,Non,Non,Oui,Non,jamais,Oui,Oui,Je ne sais pas,Non,Non,Non,Non,Non,Non,Oui,,,7,7,7,7,7,7,Haut,4,7,1,4,7,7,1,7,7,7,7,7,5,"cette question est difficile a comprendre : Je me sens à l'aise d'avoir cette application sur mon téléphone
",Non,Oui,Non,Non,cette question n'est pas tres claire : Je me sens à l'aise d'avoir cette application sur mon téléphone
,7/3/2023 11:02:23,11 / 19,Oui,Oui,Je ne sais pas,Oui,Oui,Je ne sais pas,Non,"Une grosseur indolore dans le sein, Petites masses mobiles, Écoulement du sein, Changement de taille du sein",Non,Non,Non,Non,Oui,Oui,tous les mois,Oui,Oui,Non,Oui,Non,Non,Oui,Non,Non,Oui,J'ai appris des choses alors que je me croyais bien informée. Merci à vous.,"J'espère que cette application sera diffusée, merci à vous.",6,7,7,7,7,7,Bas,7,7,7,7,4,7,1,7,2,7,7,7,7,Application au top pour moi.,Non,Oui,Non,Non,"Merci, @ bientôt pour une autre étude."
,7/3/2023 20:43:53,16 / 19,Oui,Oui,Non,Oui,Oui,Oui,Je ne sais pas,"Une grosseur indolore dans le sein, Écoulement du sein, Changement de taille du sein",Oui,Non,Non,Non,Oui,Oui,tous les mois,Oui,Non,Oui,Oui,Oui,Non,Oui,Non,Non,Oui,,,7,7,7,7,7,7,Haut,7,7,7,7,7,7,1,7,7,7,7,7,7,,Non,Oui,Non,Non,
,7/4/2023 22:20:24,6 / 19,Oui,Oui,Je ne sais pas,Je ne sais pas,Je ne sais pas,Je ne sais pas,Je ne sais pas,"Écoulement du sein, Changement de taille du sein",Je ne sais pas,Non,Je ne sais pas,Je ne sais pas.,Oui,Non,jamais,Oui,Oui,Oui,Je ne sais pas,Je ne sais pas,Oui,Oui,Non,Non,Oui,,,5,6,7,7,5,7,Bas,7,6,7,5,7,7,1,6,4,6,6,5,7,"Le paramétrage de l'écran était étrange, je ne voyais pas tout en bas et à droite ",Oui,Oui,Non,Non,
,7/5/2023 14:22:06,15 / 19,Oui,Oui,Oui,Oui,Oui,Oui,Je ne sais pas,"Une grosseur indolore dans le sein, Écoulement du sein, Changement de taille du sein",Je ne sais pas,Non,Non,Non,Oui,Oui,once in every 6 months,Oui,Oui,Oui,Je ne sais pas,Je ne sais pas,Non,Oui,Non,Non,Oui,,,7,7,7,7,7,7,Haut,7,7,4,7,7,7,1,7,7,7,7,7,7,,Non,Oui,Non,Non,
,7/5/2023 19:28:38,12 / 19,Oui,Oui,Non,Oui,Oui,Oui,Non,"Une grosseur indolore dans le sein, Écoulement du sein, Changement de taille du sein",Non,Oui,Non,Non,Oui,Non,jamais,Oui,Non,Non,Non,Non,Non,Oui,Non,Non,Oui,,,7,7,7,7,7,7,Bas,7,7,7,7,7,7,1,7,7,7,7,7,7,,Non,Non,Non,Non,
,7/6/2023 9:19:57,12 / 19,Oui,Oui,Oui,Oui,Oui,Oui,Je ne sais pas,"Une grosseur indolore dans le sein, Écoulement du sein, Changement de taille du sein",Je ne sais pas,Non,Je ne sais pas,Non,Oui,Oui,once in every 6 months,Oui,Non,Non,Non,Non,Non,Oui,Non,Non,Oui,,J'aurais aimé que les réponses soient données après chaque question,7,7,7,7,7,7,Haut,4,7,1,7,7,7,1,5,4,7,7,7,5,"Je ne suis pas certaine que les notifications fonctionnent, le menu n'était pas clair et je n'ai pas pu choisir une date en 2023",Non,Oui,Non,Non,
,7/6/2023 13:34:22,13 / 19,Oui,Oui,Oui,Oui,Oui,Oui,Je ne sais pas,"Une grosseur indolore dans le sein, Petites masses mobiles, Écoulement du sein",Je ne sais pas,Non,Non,Non,Oui,Oui,once in every 6 months,Oui,Oui,Oui,Non,Oui,Non,Oui,Non,Non,Oui,,Superbe idée cette appli !,6,6,7,6,7,6,Haut,7,7,5,7,6,6,1,7,6,7,6,7,7,,Non,Oui,Non,Non,
,7/12/2023 22:28:16,14 / 19,Oui,Oui,Oui,Oui,Oui,Oui,Oui,"Une grosseur indolore dans le sein, Petites masses mobiles, Écoulement du sein, Changement de taille du sein",Oui,Non,Oui,Non,Oui,Oui,une fois par an,Oui,Oui,Oui,Oui,Oui,Non,Oui,Non,Non,Oui,,,6,5,4,5,6,6,Haut,5,6,6,6,5,5,4,4,4,5,4,4,4,Je n'ai pas réussi à  changer la date des dernières regles,Non,Oui,Non,Non,
,7/17/2023 0:19:43,4 / 19,Oui,Oui,Je ne sais pas,Je ne sais pas,Je ne sais pas,Je ne sais pas,Je ne sais pas,"Douleur dans les deux seins pendant les règles, Écoulement du sein, Changement de taille du sein",Je ne sais pas,Je ne sais pas,Je ne sais pas,Oui,Oui,Non,jamais,Oui,Oui,Non,Non,Non,Non,Oui,Non,Non,Oui,il me manque des connaissances car je n'ai pas su répondre à de nombreuses questions,,7,7,7,7,7,7,Haut,7,7,5,7,4,7,1,7,6,7,7,7,6,le questionnaire m'a permis de découvrir certaines fonctionnalités de l'app comme la boutique d'informations,Non,Oui,Non,Non,